{
  "entregaFutura": {
    "semanas": [
      {
        "data": "2026-06-23",
        "itens": 4177,
        "atrasados": 1195,
        "vEntregar": 28391215.67,
        "vRetido": 35683241.46,
        "porFilial": {
          "MTZ": {
            "n": 125,
            "ent": 1153776.1900000002,
            "ret": 509333.12,
            "atr": 52
          },
          "ARG": {
            "n": 581,
            "ent": 4777119.860000001,
            "ret": 3931321.079999999,
            "atr": 218
          },
          "RVD": {
            "n": 182,
            "ent": 388242.82999999996,
            "ret": 2431733.8899999987,
            "atr": 20
          },
          "UBR": {
            "n": 140,
            "ent": 1674390.6,
            "ret": 1030013.0299999999,
            "atr": 35
          },
          "MAR": {
            "n": 109,
            "ent": 1676132.6400000001,
            "ret": 708428.9299999999,
            "atr": 34
          },
          "JAT": {
            "n": 128,
            "ent": 1157234.2500000002,
            "ret": 311597.49,
            "atr": 31
          },
          "CRI": {
            "n": 99,
            "ent": 602644.25,
            "ret": 1112326.77,
            "atr": 46
          },
          "RED": {
            "n": 145,
            "ent": 555080.3400000001,
            "ret": 1570751.41,
            "atr": 44
          },
          "IMP": {
            "n": 103,
            "ent": 827720.0300000001,
            "ret": 625700.5399999998,
            "atr": 21
          },
          "BAR": {
            "n": 206,
            "ent": 1648937.4800000002,
            "ret": 2485076.8200000003,
            "atr": 88
          },
          "PAL": {
            "n": 89,
            "ent": 500992.93999999994,
            "ret": 419668.1,
            "atr": 25
          },
          "MOZ": {
            "n": 191,
            "ent": 1082875.4899999998,
            "ret": 1406090.5499999998,
            "atr": 36
          },
          "PGM": {
            "n": 29,
            "ent": 86726.28,
            "ret": 657878.74,
            "atr": 3
          },
          "SFX": {
            "n": 212,
            "ent": 1015408.3600000001,
            "ret": 3571884.8200000003,
            "atr": 61
          },
          "FCB": {
            "n": 107,
            "ent": 919914.7200000001,
            "ret": 1131461.57,
            "atr": 31
          },
          "URU": {
            "n": 116,
            "ent": 912300.9199999999,
            "ret": 376435.05000000005,
            "atr": 32
          },
          "MOR": {
            "n": 161,
            "ent": 548408.3600000001,
            "ret": 1878400.08,
            "atr": 47
          },
          "CON": {
            "n": 241,
            "ent": 1060530.01,
            "ret": 3392212.6999999997,
            "atr": 49
          },
          "FOR": {
            "n": 161,
            "ent": 641053.97,
            "ret": 1068570.7699999998,
            "atr": 32
          },
          "JUS": {
            "n": 178,
            "ent": 1105852.46,
            "ret": 871614.63,
            "atr": 60
          },
          "XRA": {
            "n": 161,
            "ent": 1291245.11,
            "ret": 1915586.4900000002,
            "atr": 59
          },
          "POR": {
            "n": 154,
            "ent": 1502049.0100000002,
            "ret": 928299.7899999998,
            "atr": 56
          },
          "PLA": {
            "n": 121,
            "ent": 1164819.37,
            "ret": 1576190.3599999999,
            "atr": 30
          },
          "CAN": {
            "n": 152,
            "ent": 278018.5,
            "ret": 682630.47,
            "atr": 29
          },
          "GUR": {
            "n": 58,
            "ent": 246182.1,
            "ret": 196263.68000000002,
            "atr": 6
          },
          "RIA": {
            "n": 197,
            "ent": 1413732.2000000002,
            "ret": 737672.39,
            "atr": 42
          },
          "ALT": {
            "n": 31,
            "ent": 159827.4,
            "ret": 156098.19,
            "atr": 8
          }
        }
      }
    ],
    "ultimoDetalhe": null,
    "meses": {
      "2025-06": {
        "itens": 67,
        "atrasados": 67,
        "vParado": 329894.8,
        "vEntregar": 329894.8,
        "vRetido": 0,
        "atualizadoEm": "2026-06-23"
      },
      "2025-09": {
        "itens": 122,
        "atrasados": 122,
        "vParado": 1010632.6,
        "vEntregar": 969252.6,
        "vRetido": 41380,
        "atualizadoEm": "2026-06-23"
      },
      "2025-12": {
        "itens": 147,
        "atrasados": 113,
        "vParado": 1529877.64,
        "vEntregar": 1108742.86,
        "vRetido": 421134.78,
        "atualizadoEm": "2026-06-23"
      },
      "2026-02": {
        "itens": 132,
        "atrasados": 65,
        "vParado": 1661182.11,
        "vEntregar": 1031060.69,
        "vRetido": 630121.42,
        "atualizadoEm": "2026-07-06"
      },
      "2026-03": {
        "itens": 375,
        "atrasados": 281,
        "vParado": 7811092.03,
        "vEntregar": 3310439.36,
        "vRetido": 4500652.67,
        "atualizadoEm": "2026-07-06"
      },
      "2026-04": {
        "itens": 316,
        "atrasados": 10,
        "vParado": 7268590.5,
        "vEntregar": 3162937.98,
        "vRetido": 4105652.52,
        "atualizadoEm": "2026-07-06"
      },
      "2026-05": {
        "itens": 1400,
        "atrasados": 0,
        "vParado": 23119877.51,
        "vEntregar": 6650403.96,
        "vRetido": 16469473.55,
        "atualizadoEm": "2026-07-06"
      },
      "2026-06": {
        "itens": 1745,
        "atrasados": 0,
        "vParado": 23165024.49,
        "vEntregar": 6351032.25,
        "vRetido": 16813992.24,
        "atualizadoEm": "2026-07-06"
      },
      "2025-03": {
        "itens": 50,
        "atrasados": 50,
        "vParado": 310644.74,
        "vEntregar": 310644.74,
        "vRetido": 0,
        "atualizadoEm": "2026-06-23"
      },
      "2025-04": {
        "itens": 35,
        "atrasados": 35,
        "vParado": 317718.66,
        "vEntregar": 317718.66,
        "vRetido": 0,
        "atualizadoEm": "2026-06-23"
      },
      "2025-05": {
        "itens": 37,
        "atrasados": 37,
        "vParado": 399354.74,
        "vEntregar": 384730.94,
        "vRetido": 14623.8,
        "atualizadoEm": "2026-06-23"
      },
      "2025-07": {
        "itens": 75,
        "atrasados": 75,
        "vParado": 989163.16,
        "vEntregar": 984527.76,
        "vRetido": 4635.4,
        "atualizadoEm": "2026-06-23"
      },
      "2026-01": {
        "itens": 136,
        "atrasados": 81,
        "vParado": 1187385.18,
        "vEntregar": 846767.35,
        "vRetido": 340617.83,
        "atualizadoEm": "2026-07-06"
      },
      "2025-01": {
        "itens": 19,
        "atrasados": 19,
        "vParado": 169206.61,
        "vEntregar": 169206.61,
        "vRetido": 0,
        "atualizadoEm": "2026-06-23"
      },
      "2025-02": {
        "itens": 28,
        "atrasados": 28,
        "vParado": 330536.3,
        "vEntregar": 321768.3,
        "vRetido": 8768,
        "atualizadoEm": "2026-06-23"
      },
      "2025-08": {
        "itens": 55,
        "atrasados": 55,
        "vParado": 381245.23,
        "vEntregar": 368069.23,
        "vRetido": 13176,
        "atualizadoEm": "2026-06-23"
      },
      "2025-10": {
        "itens": 133,
        "atrasados": 133,
        "vParado": 1312725.42,
        "vEntregar": 1299788.92,
        "vRetido": 12936.5,
        "atualizadoEm": "2026-06-23"
      },
      "2025-11": {
        "itens": 70,
        "atrasados": 70,
        "vParado": 1366523.74,
        "vEntregar": 1197173.74,
        "vRetido": 169350,
        "atualizadoEm": "2026-06-23"
      },
      "2026-07": {
        "itens": 186,
        "atrasados": 0,
        "vParado": 1838497.1,
        "vEntregar": 818627.44,